Issue Date,Issue Month,Tender Name,Security Type,Discount Rate(%),Interest Rate(%),Rate difference(%),Security Category,Year,Quarter,Day Name,Month_Year
2021-01-04,January,1727,2 YR FXR NOTE,18.5,18.5,0.0,Bond/Note,2021,1,Monday,2021-01
2021-01-04,January,1727,364 DAY BILL,14.5,16.96,2.46,Bill,2021,1,Monday,2021-01
2021-01-04,January,1727,91 DAY BILL,13.62,14.1,0.48,Bill,2021,1,Monday,2021-01
2021-01-04,January,1727,182 DAY BILL,13.21,14.15,0.94,Bill,2021,1,Monday,2021-01
2021-01-11,January,1728,91 DAY BILL,13.61,14.09,0.48,Bill,2021,1,Monday,2021-01
2021-01-11,January,1728,182 DAY BILL,13.21,14.14,0.93,Bill,2021,1,Monday,2021-01
2021-01-18,January,1729,91 DAY BILL,13.61,14.09,0.48,Bill,2021,1,Monday,2021-01
2021-01-18,January,1729,182 DAY BILL,13.21,14.14,0.93,Bill,2021,1,Monday,2021-01
2021-01-25,January,1730,6 YR FXR BOND,19.25,19.25,0.0,Bond/Note,2021,1,Monday,2021-01
2021-01-25,January,1730,364 DAY BILL,14.5,16.96,2.46,Bill,2021,1,Monday,2021-01
2021-01-25,January,1730,91 DAY BILL,13.6,14.08,0.48,Bill,2021,1,Monday,2021-01
2021-01-25,January,1730,182 DAY BILL,13.2,14.13,0.93,Bill,2021,1,Monday,2021-01
2021-02-01,February,1731,364 DAY BILL,14.5,16.96,2.46,Bill,2021,1,Monday,2021-02
2021-02-01,February,1731,91 DAY BILL,13.58,14.06,0.48,Bill,2021,1,Monday,2021-02
2021-02-01,February,1731,182 DAY BILL,13.16,14.09,0.93,Bill,2021,1,Monday,2021-02
2021-02-08,February,1732,91 DAY BILL,13.36,13.82,0.46,Bill,2021,1,Monday,2021-02
2021-02-08,February,1732,182 DAY BILL,13.09,14.01,0.92,Bill,2021,1,Monday,2021-02
2021-02-15,February,1733,364 DAY BILL,14.43,16.86,2.43,Bill,2021,1,Monday,2021-02
2021-02-15,February,1733,182 DAY BILL,13.05,13.96,0.91,Bill,2021,1,Monday,2021-02
2021-02-15,February,1733,91 DAY BILL,12.81,13.23,0.42,Bill,2021,1,Monday,2021-02
2021-02-22,February,1734,2 YR FXR NOTE,17.6,17.6,0.0,Bond/Note,2021,1,Monday,2021-02
2021-02-22,February,1734,182 DAY BILL,13.04,13.95,0.91,Bill,2021,1,Monday,2021-02
2021-02-22,February,1734,91 DAY BILL,12.7,13.11,0.41,Bill,2021,1,Monday,2021-02
2021-03-01,March,1735,364 DAY BILL,14.38,16.8,2.42,Bill,2021,1,Monday,2021-03
2021-03-01,March,1735,182 DAY BILL,12.99,13.89,0.9,Bill,2021,1,Monday,2021-03
2021-03-01,March,1735,91 DAY BILL,12.84,13.27,0.43,Bill,2021,1,Monday,2021-03
2021-03-08,March,1736,5 YR FXR BOND,18.3,18.3,0.0,Bond/Note,2021,1,Monday,2021-03
2021-03-08,March,1736,364 DAY BILL,14.35,16.76,2.41,Bill,2021,1,Monday,2021-03
2021-03-08,March,1736,182 DAY BILL,12.96,13.86,0.9,Bill,2021,1,Monday,2021-03
2021-03-08,March,1736,91 DAY BILL,12.64,13.05,0.41,Bill,2021,1,Monday,2021-03
2021-03-15,March,1737,364 DAY BILL,14.29,16.67,2.38,Bill,2021,1,Monday,2021-03
2021-03-15,March,1737,182 DAY BILL,12.95,13.85,0.9,Bill,2021,1,Monday,2021-03
2021-03-15,March,1737,91 DAY BILL,12.61,13.02,0.41,Bill,2021,1,Monday,2021-03
2021-03-22,March,1738,3 YR FXR BOND,17.7,17.7,0.0,Bond/Note,2021,1,Monday,2021-03
2021-03-22,March,1738,182 DAY BILL,12.78,13.66,0.88,Bill,2021,1,Monday,2021-03
2021-03-22,March,1738,91 DAY BILL,12.49,12.9,0.41,Bill,2021,1,Monday,2021-03
2021-03-29,March,1739,364 DAY BILL,14.22,16.57,2.35,Bill,2021,1,Monday,2021-03
2021-03-29,March,1739,182 DAY BILL,12.78,13.65,0.87,Bill,2021,1,Monday,2021-03
2021-03-29,March,1739,91 DAY BILL,12.47,12.87,0.4,Bill,2021,1,Monday,2021-03
2021-04-05,April,1740,182 DAY BILL,12.75,13.62,0.87,Bill,2021,2,Monday,2021-04
2021-04-05,April,1740,91 DAY BILL,12.45,12.85,0.4,Bill,2021,2,Monday,2021-04
2021-04-12,April,1741,364 DAY BILL,14.12,16.45,2.33,Bill,2021,2,Monday,2021-04
2021-04-12,April,1741,182 DAY BILL,12.74,13.61,0.87,Bill,2021,2,Monday,2021-04
2021-04-12,April,1741,91 DAY BILL,12.41,12.81,0.4,Bill,2021,2,Monday,2021-04
2021-04-19,April,1742,182 DAY BILL,12.68,13.53,0.85,Bill,2021,2,Monday,2021-04
2021-04-19,April,1742,91 DAY BILL,12.4,12.79,0.39,Bill,2021,2,Monday,2021-04
2021-04-26,April,1743,364 DAY BILL,14.18,16.53,2.35,Bill,2021,2,Monday,2021-04
2021-04-26,April,1743,182 DAY BILL,12.71,13.58,0.87,Bill,2021,2,Monday,2021-04
2021-04-26,April,1743,91 DAY BILL,12.39,12.78,0.39,Bill,2021,2,Monday,2021-04
2021-05-03,May,1744,182 DAY BILL,12.67,13.53,0.86,Bill,2021,2,Monday,2021-05
2021-05-03,May,1744,91 DAY BILL,12.44,12.84,0.4,Bill,2021,2,Monday,2021-05
2021-05-10,May,1745,182 DAY BILL,12.71,13.57,0.86,Bill,2021,2,Monday,2021-05
2021-05-10,May,1745,91 DAY BILL,12.39,12.79,0.4,Bill,2021,2,Monday,2021-05
2021-05-17,May,1746,5 YR FXR BOND,18.8,18.8,0.0,Bond/Note,2021,2,Monday,2021-05
2021-05-17,May,1746,364 DAY BILL,14.1,16.42,2.32,Bill,2021,2,Monday,2021-05
2021-05-17,May,1746,182 DAY BILL,12.69,13.55,0.86,Bill,2021,2,Monday,2021-05
2021-05-17,May,1746,91 DAY BILL,12.39,12.79,0.4,Bill,2021,2,Monday,2021-05
2021-05-24,May,1747,182 DAY BILL,12.68,13.54,0.86,Bill,2021,2,Monday,2021-05
2021-05-24,May,1747,91 DAY BILL,12.36,12.76,0.4,Bill,2021,2,Monday,2021-05
2021-05-31,May,1748,364 DAY BILL,14.15,16.49,2.34,Bill,2021,2,Monday,2021-05
2021-05-31,May,1748,182 DAY BILL,12.65,13.51,0.86,Bill,2021,2,Monday,2021-05
2021-05-31,May,1748,91 DAY BILL,12.38,12.78,0.4,Bill,2021,2,Monday,2021-05
2021-06-07,June,1749,182 DAY BILL,12.58,13.43,0.85,Bill,2021,2,Monday,2021-06
2021-06-07,June,1749,91 DAY BILL,12.31,12.71,0.4,Bill,2021,2,Monday,2021-06
2021-06-14,June,1750,364 DAY BILL,14.04,16.34,2.3,Bill,2021,2,Monday,2021-06
2021-06-14,June,1750,182 DAY BILL,12.58,13.42,0.84,Bill,2021,2,Monday,2021-06
2021-06-14,June,1750,91 DAY BILL,12.25,12.64,0.39,Bill,2021,2,Monday,2021-06
2021-06-21,June,1751,7 YR FXR BOND,18.1,18.1,0.0,Bond/Note,2021,2,Monday,2021-06
2021-06-21,June,1751,182 DAY BILL,12.55,13.39,0.84,Bill,2021,2,Monday,2021-06
2021-06-21,June,1751,91 DAY BILL,12.24,12.63,0.39,Bill,2021,2,Monday,2021-06
2021-06-28,June,1752,364 DAY BILL,14.04,16.33,2.29,Bill,2021,2,Monday,2021-06
2021-06-28,June,1752,182 DAY BILL,12.54,13.38,0.84,Bill,2021,2,Monday,2021-06
2021-06-28,June,1752,91 DAY BILL,12.24,12.62,0.38,Bill,2021,2,Monday,2021-06
2021-07-05,July,1753,182 DAY BILL,12.54,13.38,0.84,Bill,2021,3,Monday,2021-07
2021-07-05,July,1753,91 DAY BILL,12.2,12.59,0.39,Bill,2021,3,Monday,2021-07
2021-07-12,July,1754,364 DAY BILL,14.03,16.32,2.29,Bill,2021,3,Monday,2021-07
2021-07-12,July,1754,182 DAY BILL,12.53,13.37,0.84,Bill,2021,3,Monday,2021-07
2021-07-12,July,1754,91 DAY BILL,12.18,12.56,0.38,Bill,2021,3,Monday,2021-07
2021-07-19,July,1755,10 YR FXR BOND,19.75,19.75,0.0,Bond/Note,2021,3,Monday,2021-07
2021-07-19,July,1755,182 DAY BILL,12.52,13.36,0.84,Bill,2021,3,Monday,2021-07
2021-07-19,July,1755,91 DAY BILL,12.18,12.56,0.38,Bill,2021,3,Monday,2021-07
2021-07-26,July,1756,364 DAY BILL,14.09,16.4,2.31,Bill,2021,3,Monday,2021-07
2021-07-26,July,1756,182 DAY BILL,12.53,13.36,0.83,Bill,2021,3,Monday,2021-07
2021-07-26,July,1756,91 DAY BILL,12.18,12.56,0.38,Bill,2021,3,Monday,2021-07
2021-08-02,August,1757,2 YR FXR NOTE,17.25,17.25,0.0,Bond/Note,2021,3,Monday,2021-08
2021-08-02,August,1757,182 DAY BILL,12.53,13.37,0.84,Bill,2021,3,Monday,2021-08
2021-08-02,August,1757,91 DAY BILL,12.17,12.55,0.38,Bill,2021,3,Monday,2021-08
2021-08-09,August,1758,364 DAY BILL,14.01,16.29,2.28,Bill,2021,3,Monday,2021-08
2021-08-09,August,1758,182 DAY BILL,12.48,13.31,0.83,Bill,2021,3,Monday,2021-08
2021-08-09,August,1758,91 DAY BILL,12.14,12.52,0.38,Bill,2021,3,Monday,2021-08
2021-08-16,August,1759,364 DAY BILL,13.88,16.11,2.23,Bill,2021,3,Monday,2021-08
2021-08-16,August,1759,182 DAY BILL,12.43,13.26,0.83,Bill,2021,3,Monday,2021-08
2021-08-16,August,1759,91 DAY BILL,12.09,12.47,0.38,Bill,2021,3,Monday,2021-08
2021-08-23,August,1760,182 DAY BILL,12.39,13.21,0.82,Bill,2021,3,Monday,2021-08
2021-08-23,August,1760,91 DAY BILL,12.05,12.42,0.37,Bill,2021,3,Monday,2021-08
2021-08-30,August,1761,182 DAY BILL,12.4,13.22,0.82,Bill,2021,3,Monday,2021-08
2021-08-30,August,1761,91 DAY BILL,12.09,12.46,0.37,Bill,2021,3,Monday,2021-08
2021-09-06,September,1762,364 DAY BILL,13.87,16.1,2.23,Bill,2021,3,Monday,2021-09
2021-09-06,September,1762,182 DAY BILL,12.38,13.2,0.82,Bill,2021,3,Monday,2021-09
2021-09-06,September,1762,91 DAY BILL,12.07,12.45,0.38,Bill,2021,3,Monday,2021-09
2021-09-13,September,1763,6 YR FXR BOND,18.8,18.8,0.0,Bond/Note,2021,3,Monday,2021-09
2021-09-13,September,1763,182 DAY BILL,12.39,13.21,0.82,Bill,2021,3,Monday,2021-09
2021-09-13,September,1763,91 DAY BILL,12.08,12.45,0.37,Bill,2021,3,Monday,2021-09
2021-09-20,September,1764,364 DAY BILL,13.89,16.14,2.25,Bill,2021,3,Monday,2021-09
2021-09-20,September,1764,182 DAY BILL,12.36,13.17,0.81,Bill,2021,3,Monday,2021-09
2021-09-20,September,1764,91 DAY BILL,12.12,12.49,0.37,Bill,2021,3,Monday,2021-09
2021-09-27,September,1765,2 YR FXR NOTE,17.5,17.5,0.0,Bond/Note,2021,3,Monday,2021-09
2021-09-27,September,1765,182 DAY BILL,12.4,13.22,0.82,Bill,2021,3,Monday,2021-09
2021-09-27,September,1765,91 DAY BILL,12.11,12.49,0.38,Bill,2021,3,Monday,2021-09
2021-10-04,October,1766,364 DAY BILL,13.95,16.21,2.26,Bill,2021,4,Monday,2021-10
2021-10-04,October,1766,182 DAY BILL,12.36,13.18,0.82,Bill,2021,4,Monday,2021-10
2021-10-04,October,1766,91 DAY BILL,12.1,12.47,0.37,Bill,2021,4,Monday,2021-10
2021-10-11,October,1767,182 DAY BILL,12.34,13.15,0.81,Bill,2021,4,Monday,2021-10
2021-10-11,October,1767,91 DAY BILL,12.1,12.47,0.37,Bill,2021,4,Monday,2021-10
2021-10-18,October,1768,3 YR FXR BOND,19.0,19.0,0.0,Bond/Note,2021,4,Monday,2021-10
2021-10-18,October,1768,364 DAY BILL,13.99,16.27,2.28,Bill,2021,4,Monday,2021-10
2021-10-18,October,1768,182 DAY BILL,12.33,13.14,0.81,Bill,2021,4,Monday,2021-10
2021-10-18,October,1768,91 DAY BILL,12.07,12.45,0.38,Bill,2021,4,Monday,2021-10
2021-10-25,October,1769,182 DAY BILL,12.34,13.16,0.82,Bill,2021,4,Monday,2021-10
2021-10-25,October,1769,91 DAY BILL,12.08,12.46,0.38,Bill,2021,4,Monday,2021-10
2021-11-01,November,1770,364 DAY BILL,13.97,16.24,2.27,Bill,2021,4,Monday,2021-11
2021-11-01,November,1770,182 DAY BILL,12.31,13.12,0.81,Bill,2021,4,Monday,2021-11
2021-11-01,November,1770,91 DAY BILL,12.07,12.45,0.38,Bill,2021,4,Monday,2021-11
2021-11-08,November,1771,2 YR FXR NOTE,20.0,20.0,0.0,Bond/Note,2021,4,Monday,2021-11
2021-11-08,November,1771,364 DAY BILL,14.01,16.29,2.28,Bill,2021,4,Monday,2021-11
2021-11-08,November,1771,182 DAY BILL,12.35,13.16,0.81,Bill,2021,4,Monday,2021-11
2021-11-08,November,1771,91 DAY BILL,12.1,12.48,0.38,Bill,2021,4,Monday,2021-11
2021-11-15,November,1772,182 DAY BILL,12.4,13.22,0.82,Bill,2021,4,Monday,2021-11
2021-11-15,November,1772,91 DAY BILL,12.11,12.48,0.37,Bill,2021,4,Monday,2021-11
2021-11-22,November,1773,182 DAY BILL,12.37,13.19,0.82,Bill,2021,4,Monday,2021-11
2021-11-22,November,1773,91 DAY BILL,12.12,12.5,0.38,Bill,2021,4,Monday,2021-11
2021-11-29,November,1774,364 DAY BILL,14.02,16.3,2.28,Bill,2021,4,Monday,2021-11
2021-11-29,November,1774,182 DAY BILL,12.36,13.17,0.81,Bill,2021,4,Monday,2021-11
2021-11-29,November,1774,91 DAY BILL,12.12,12.5,0.38,Bill,2021,4,Monday,2021-11
2021-12-06,December,1775,2 YR FXR NOTE,19.75,19.75,0.0,Bond/Note,2021,4,Monday,2021-12
2021-12-06,December,1775,182 DAY BILL,12.35,13.17,0.82,Bill,2021,4,Monday,2021-12
2021-12-06,December,1775,91 DAY BILL,12.1,12.48,0.38,Bill,2021,4,Monday,2021-12
2021-12-13,December,1776,364 DAY BILL,14.06,16.36,2.3,Bill,2021,4,Monday,2021-12
2021-12-13,December,1776,182 DAY BILL,12.38,13.19,0.81,Bill,2021,4,Monday,2021-12
2021-12-13,December,1776,91 DAY BILL,12.09,12.47,0.38,Bill,2021,4,Monday,2021-12
2021-12-20,December,1777,5 YR FXR BOND,21.0,21.0,0.0,Bond/Note,2021,4,Monday,2021-12
2021-12-20,December,1777,364 DAY BILL,14.21,16.57,2.36,Bill,2021,4,Monday,2021-12
2021-12-20,December,1777,182 DAY BILL,12.39,13.2,0.81,Bill,2021,4,Monday,2021-12
2021-12-20,December,1777,91 DAY BILL,12.13,12.51,0.38,Bill,2021,4,Monday,2021-12
2021-12-27,December,1778,182 DAY BILL,12.37,13.19,0.82,Bill,2021,4,Monday,2021-12
2021-12-27,December,1778,91 DAY BILL,12.13,12.51,0.38,Bill,2021,4,Monday,2021-12
2022-01-03,January,1779,3 YR FXR BOND,20.5,20.5,0.0,Bond/Note,2022,1,Monday,2022-01
2022-01-03,January,1779,364 DAY BILL,14.27,16.64,2.37,Bill,2022,1,Monday,2022-01
2022-01-03,January,1779,182 DAY BILL,12.39,13.21,0.82,Bill,2022,1,Monday,2022-01
2022-01-03,January,1779,91 DAY BILL,12.15,12.53,0.38,Bill,2022,1,Monday,2022-01
2022-01-10,January,1780,182 DAY BILL,12.38,13.2,0.82,Bill,2022,1,Monday,2022-01
2022-01-10,January,1780,91 DAY BILL,12.14,12.52,0.38,Bill,2022,1,Monday,2022-01
2022-01-17,January,1781,182 DAY BILL,12.39,13.21,0.82,Bill,2022,1,Monday,2022-01
2022-01-17,January,1781,91 DAY BILL,12.14,12.52,0.38,Bill,2022,1,Monday,2022-01
2022-01-24,January,1782,6 YR FXR BOND,21.75,21.75,0.0,Bond/Note,2022,1,Monday,2022-01
2022-01-24,January,1782,364 DAY BILL,14.31,16.7,2.39,Bill,2022,1,Monday,2022-01
2022-01-24,January,1782,182 DAY BILL,12.39,13.21,0.82,Bill,2022,1,Monday,2022-01
2022-01-24,January,1782,91 DAY BILL,12.16,12.55,0.39,Bill,2022,1,Monday,2022-01
2022-01-31,January,1783,364 DAY BILL,14.34,16.74,2.4,Bill,2022,1,Monday,2022-01
2022-01-31,January,1783,182 DAY BILL,12.41,13.23,0.82,Bill,2022,1,Monday,2022-01
2022-01-31,January,1783,91 DAY BILL,12.25,12.63,0.38,Bill,2022,1,Monday,2022-01
2022-02-07,February,1784,182 DAY BILL,12.41,13.23,0.82,Bill,2022,1,Monday,2022-02
2022-02-07,February,1784,91 DAY BILL,12.28,12.66,0.38,Bill,2022,1,Monday,2022-02
2022-02-14,February,1785,2 YR FXR NOTE,19.75,19.75,0.0,Bond/Note,2022,1,Monday,2022-02
2022-02-14,February,1785,364 DAY BILL,14.52,16.99,2.47,Bill,2022,1,Monday,2022-02
2022-02-14,February,1785,182 DAY BILL,12.43,13.26,0.83,Bill,2022,1,Monday,2022-02
2022-02-14,February,1785,91 DAY BILL,12.3,12.69,0.39,Bill,2022,1,Monday,2022-02
2022-02-21,February,1786,91 DAY BILL,12.51,12.91,0.4,Bill,2022,1,Monday,2022-02
2022-02-21,February,1786,182 DAY BILL,12.47,13.29,0.82,Bill,2022,1,Monday,2022-02
2022-02-28,February,1787,364 DAY BILL,14.5,16.96,2.46,Bill,2022,1,Monday,2022-02
2022-02-28,February,1787,91 DAY BILL,12.62,13.03,0.41,Bill,2022,1,Monday,2022-02
2022-02-28,February,1787,182 DAY BILL,12.48,13.31,0.83,Bill,2022,1,Monday,2022-02
2022-03-07,March,1788,364 DAY BILL,14.5,16.96,2.46,Bill,2022,1,Monday,2022-03
2022-03-07,March,1788,91 DAY BILL,12.72,13.14,0.42,Bill,2022,1,Monday,2022-03
2022-03-07,March,1788,182 DAY BILL,12.53,13.37,0.84,Bill,2022,1,Monday,2022-03
2022-03-14,March,1789,5 YR FXR BOND,20.75,20.75,0.0,Bond/Note,2022,1,Monday,2022-03
2022-03-14,March,1789,364 DAY BILL,14.5,16.96,2.46,Bill,2022,1,Monday,2022-03
2022-03-14,March,1789,91 DAY BILL,12.83,13.25,0.42,Bill,2022,1,Monday,2022-03
2022-03-14,March,1789,182 DAY BILL,12.69,13.55,0.86,Bill,2022,1,Monday,2022-03
2022-03-21,March,1790,91 DAY BILL,12.98,13.42,0.44,Bill,2022,1,Monday,2022-03
2022-03-21,March,1790,182 DAY BILL,12.74,13.61,0.87,Bill,2022,1,Monday,2022-03
2022-03-28,March,1791,364 DAY BILL,14.61,17.11,2.5,Bill,2022,1,Monday,2022-03
2022-03-28,March,1791,91 DAY BILL,13.66,14.14,0.48,Bill,2022,1,Monday,2022-03
2022-03-28,March,1791,182 DAY BILL,13.53,14.51,0.98,Bill,2022,1,Monday,2022-03
2022-04-04,April,1792,182 DAY BILL,14.35,15.46,1.11,Bill,2022,2,Monday,2022-04
2022-04-04,April,1792,91 DAY BILL,14.31,14.85,0.54,Bill,2022,2,Monday,2022-04
2022-04-11,April,1793,3 YR FXR BOND,20.85,20.85,0.0,Bond/Note,2022,2,Monday,2022-04
2022-04-11,April,1793,364 DAY BILL,15.45,18.27,2.82,Bill,2022,2,Monday,2022-04
2022-04-11,April,1793,91 DAY BILL,15.14,15.74,0.6,Bill,2022,2,Monday,2022-04
2022-04-11,April,1793,182 DAY BILL,14.75,15.93,1.18,Bill,2022,2,Monday,2022-04
2022-04-18,April,1794,364 DAY BILL,15.86,18.85,2.99,Bill,2022,2,Monday,2022-04
2022-04-18,April,1794,91 DAY BILL,15.69,16.33,0.64,Bill,2022,2,Monday,2022-04
2022-04-18,April,1794,182 DAY BILL,15.08,16.32,1.24,Bill,2022,2,Monday,2022-04
2022-04-25,April,1795,364 DAY BILL,16.44,19.67,3.23,Bill,2022,2,Monday,2022-04
2022-04-25,April,1795,91 DAY BILL,16.11,16.78,0.67,Bill,2022,2,Monday,2022-04
2022-04-25,April,1795,182 DAY BILL,16.03,17.42,1.39,Bill,2022,2,Monday,2022-04
2022-05-02,May,1796,182 DAY BILL,16.96,18.53,1.57,Bill,2022,2,Monday,2022-05
2022-05-02,May,1796,91 DAY BILL,16.68,17.41,0.73,Bill,2022,2,Monday,2022-05
2022-05-09,May,1797,5 YR FXR BOND,22.3,22.3,0.0,Bond/Note,2022,2,Monday,2022-05
2022-05-09,May,1797,2 YR FXR NOTE,21.5,21.5,0.0,Bond/Note,2022,2,Monday,2022-05
2022-05-09,May,1797,182 DAY BILL,17.19,18.81,1.62,Bill,2022,2,Monday,2022-05
2022-05-09,May,1797,364 DAY BILL,17.12,20.65,3.53,Bill,2022,2,Monday,2022-05
2022-05-09,May,1797,91 DAY BILL,17.11,17.88,0.77,Bill,2022,2,Monday,2022-05
2022-05-16,May,1798,364 DAY BILL,17.73,21.55,3.82,Bill,2022,2,Monday,2022-05
2022-05-16,May,1798,182 DAY BILL,17.57,19.26,1.69,Bill,2022,2,Monday,2022-05
2022-05-16,May,1798,91 DAY BILL,17.43,18.23,0.8,Bill,2022,2,Monday,2022-05
2022-05-23,May,1799,3 YR FXR BOND,25.0,25.0,0.0,Bond/Note,2022,2,Monday,2022-05
2022-05-23,May,1799,182 DAY BILL,18.81,20.76,1.95,Bill,2022,2,Monday,2022-05
2022-05-23,May,1799,91 DAY BILL,18.21,19.08,0.87,Bill,2022,2,Monday,2022-05
2022-05-30,May,1800,182 DAY BILL,20.59,22.95,2.36,Bill,2022,2,Monday,2022-05
2022-05-30,May,1800,364 DAY BILL,19.66,24.46,4.8,Bill,2022,2,Monday,2022-05
2022-05-30,May,1800,91 DAY BILL,18.99,19.94,0.95,Bill,2022,2,Monday,2022-05
2022-06-06,June,1801,182 DAY BILL,21.76,24.41,2.65,Bill,2022,2,Monday,2022-06
2022-06-06,June,1801,91 DAY BILL,21.37,22.57,1.2,Bill,2022,2,Monday,2022-06
2022-06-13,June,1802,182 DAY BILL,22.54,25.41,2.87,Bill,2022,2,Monday,2022-06
2022-06-13,June,1802,91 DAY BILL,22.37,23.7,1.33,Bill,2022,2,Monday,2022-06
2022-06-13,June,1802,364 DAY BILL,21.17,26.86,5.69,Bill,2022,2,Monday,2022-06
2022-06-20,June,1803,91 DAY BILL,23.25,24.68,1.43,Bill,2022,2,Monday,2022-06
2022-06-20,June,1803,182 DAY BILL,23.0,25.98,2.98,Bill,2022,2,Monday,2022-06
2022-06-27,June,1804,91 DAY BILL,24.09,25.64,1.55,Bill,2022,2,Monday,2022-06
2022-06-27,June,1804,182 DAY BILL,23.32,26.4,3.08,Bill,2022,2,Monday,2022-06
2022-06-27,June,1804,364 DAY BILL,21.52,27.43,5.91,Bill,2022,2,Monday,2022-06
2022-07-04,July,1805,91 DAY BILL,24.31,25.88,1.57,Bill,2022,3,Monday,2022-07
2022-07-04,July,1805,182 DAY BILL,23.46,26.57,3.11,Bill,2022,3,Monday,2022-07
2022-07-11,July,1806,91 DAY BILL,24.32,25.89,1.57,Bill,2022,3,Monday,2022-07
2022-07-11,July,1806,182 DAY BILL,23.44,26.55,3.11,Bill,2022,3,Monday,2022-07
2022-07-11,July,1806,364 DAY BILL,21.56,27.49,5.93,Bill,2022,3,Monday,2022-07
2022-07-18,July,1807,91 DAY BILL,24.37,25.95,1.58,Bill,2022,3,Monday,2022-07
2022-07-18,July,1807,182 DAY BILL,24.15,27.46,3.31,Bill,2022,3,Monday,2022-07
2022-07-25,July,1808,3 YR FXR BOND,29.85,29.85,0.0,Bond/Note,2022,3,Monday,2022-07
2022-07-25,July,1808,91 DAY BILL,24.71,26.34,1.63,Bill,2022,3,Monday,2022-07
2022-07-25,July,1808,182 DAY BILL,24.61,28.06,3.45,Bill,2022,3,Monday,2022-07
2022-07-25,July,1808,364 DAY BILL,21.79,27.85,6.06,Bill,2022,3,Monday,2022-07
2022-08-01,August,1809,91 DAY BILL,25.04,26.71,1.67,Bill,2022,3,Monday,2022-08
2022-08-01,August,1809,182 DAY BILL,24.76,28.26,3.5,Bill,2022,3,Monday,2022-08
2022-08-08,August,1810,91 DAY BILL,25.33,27.04,1.71,Bill,2022,3,Monday,2022-08
2022-08-08,August,1810,182 DAY BILL,24.95,28.51,3.56,Bill,2022,3,Monday,2022-08
2022-08-08,August,1810,364 DAY BILL,22.12,28.4,6.28,Bill,2022,3,Monday,2022-08
2022-08-15,August,1811,91 DAY BILL,25.59,27.34,1.75,Bill,2022,3,Monday,2022-08
2022-08-15,August,1811,182 DAY BILL,25.12,28.73,3.61,Bill,2022,3,Monday,2022-08
2022-08-15,August,1811,364 DAY BILL,22.38,28.83,6.45,Bill,2022,3,Monday,2022-08
2022-08-22,August,1812,91 DAY BILL,25.92,27.72,1.8,Bill,2022,3,Monday,2022-08
2022-08-22,August,1812,182 DAY BILL,25.55,29.29,3.74,Bill,2022,3,Monday,2022-08
2022-08-29,August,1813,91 DAY BILL,26.7,28.61,1.91,Bill,2022,3,Monday,2022-08
2022-08-29,August,1813,182 DAY BILL,26.04,29.94,3.9,Bill,2022,3,Monday,2022-08
2022-08-29,August,1813,364 DAY BILL,22.79,29.52,6.73,Bill,2022,3,Monday,2022-08
2022-09-05,September,1814,91 DAY BILL,27.08,29.05,1.97,Bill,2022,3,Monday,2022-09
2022-09-05,September,1814,182 DAY BILL,26.26,30.23,3.97,Bill,2022,3,Monday,2022-09
2022-09-05,September,1814,364 DAY BILL,23.09,30.02,6.93,Bill,2022,3,Monday,2022-09
2022-09-12,September,1815,91 DAY BILL,27.46,29.48,2.02,Bill,2022,3,Monday,2022-09
2022-09-12,September,1815,182 DAY BILL,26.88,31.05,4.17,Bill,2022,3,Monday,2022-09
2022-09-19,September,1816,91 DAY BILL,27.83,29.91,2.08,Bill,2022,3,Monday,2022-09
2022-09-19,September,1816,182 DAY BILL,26.95,31.14,4.19,Bill,2022,3,Monday,2022-09
2022-09-19,September,1816,364 DAY BILL,23.36,30.47,7.11,Bill,2022,3,Monday,2022-09
2022-09-26,September,1817,91 DAY BILL,28.06,30.18,2.12,Bill,2022,3,Monday,2022-09
2022-09-26,September,1817,182 DAY BILL,27.1,31.34,4.24,Bill,2022,3,Monday,2022-09
2022-10-03,October,1818,91 DAY BILL,28.3,30.45,2.15,Bill,2022,4,Monday,2022-10
2022-10-03,October,1818,182 DAY BILL,27.26,31.57,4.31,Bill,2022,4,Monday,2022-10
2022-10-03,October,1818,364 DAY BILL,23.98,31.55,7.57,Bill,2022,4,Monday,2022-10
2022-10-10,October,1819,91 DAY BILL,28.74,30.96,2.22,Bill,2022,4,Monday,2022-10
2022-10-10,October,1819,182 DAY BILL,27.54,31.94,4.4,Bill,2022,4,Monday,2022-10
2022-10-17,October,1820,91 DAY BILL,29.11,31.39,2.28,Bill,2022,4,Monday,2022-10
2022-10-17,October,1820,182 DAY BILL,27.76,32.24,4.48,Bill,2022,4,Monday,2022-10
2022-10-17,October,1820,364 DAY BILL,24.28,32.07,7.79,Bill,2022,4,Monday,2022-10
2022-10-24,October,1821,91 DAY BILL,29.76,32.16,2.4,Bill,2022,4,Monday,2022-10
2022-10-24,October,1821,182 DAY BILL,28.38,33.08,4.7,Bill,2022,4,Monday,2022-10
2022-10-31,October,1822,91 DAY BILL,30.23,32.7,2.47,Bill,2022,4,Monday,2022-10
2022-10-31,October,1822,182 DAY BILL,29.25,34.26,5.01,Bill,2022,4,Monday,2022-10
2022-10-31,October,1822,364 DAY BILL,25.01,33.36,8.35,Bill,2022,4,Monday,2022-10
2022-11-07,November,1823,91 DAY BILL,30.78,33.34,2.56,Bill,2022,4,Monday,2022-11
2022-11-07,November,1823,182 DAY BILL,29.68,34.85,5.17,Bill,2022,4,Monday,2022-11
2022-11-07,November,1823,364 DAY BILL,25.81,34.8,8.99,Bill,2022,4,Monday,2022-11
2022-11-14,November,1824,91 DAY BILL,31.67,34.39,2.72,Bill,2022,4,Monday,2022-11
2022-11-14,November,1824,182 DAY BILL,30.15,35.5,5.35,Bill,2022,4,Monday,2022-11
2022-11-14,November,1824,364 DAY BILL,25.97,35.08,9.11,Bill,2022,4,Monday,2022-11
2022-11-21,November,1825,91 DAY BILL,32.35,35.2,2.85,Bill,2022,4,Monday,2022-11
2022-11-21,November,1825,182 DAY BILL,30.5,35.99,5.49,Bill,2022,4,Monday,2022-11
2022-11-28,November,1826,91 DAY BILL,32.64,35.54,2.9,Bill,2022,4,Monday,2022-11
2022-11-28,November,1826,182 DAY BILL,30.78,36.38,5.6,Bill,2022,4,Monday,2022-11
2022-11-28,November,1826,364 DAY BILL,26.41,35.9,9.49,Bill,2022,4,Monday,2022-11
2022-12-05,December,1827,91 DAY BILL,33.18,36.18,3.0,Bill,2022,4,Monday,2022-12
2022-12-05,December,1827,182 DAY BILL,31.03,36.73,5.7,Bill,2022,4,Monday,2022-12
2022-12-12,December,1828,91 DAY BILL,32.66,35.57,2.91,Bill,2022,4,Monday,2022-12
2022-12-12,December,1828,182 DAY BILL,30.89,36.53,5.64,Bill,2022,4,Monday,2022-12
2022-12-12,December,1828,364 DAY BILL,26.57,36.19,9.62,Bill,2022,4,Monday,2022-12
2022-12-19,December,1829,91 DAY BILL,32.12,34.93,2.81,Bill,2022,4,Monday,2022-12
2022-12-19,December,1829,182 DAY BILL,30.53,36.03,5.5,Bill,2022,4,Monday,2022-12
2022-12-19,December,1829,364 DAY BILL,26.53,36.1,9.57,Bill,2022,4,Monday,2022-12
2022-12-26,December,1830,91 DAY BILL,32.49,35.36,2.87,Bill,2022,4,Monday,2022-12
2022-12-26,December,1830,182 DAY BILL,30.44,35.9,5.46,Bill,2022,4,Monday,2022-12
2023-01-02,January,1831,91 DAY BILL,32.49,35.36,2.87,Bill,2023,1,Monday,2023-01
2023-01-02,January,1831,182 DAY BILL,30.49,35.98,5.49,Bill,2023,1,Monday,2023-01
2023-01-02,January,1831,364 DAY BILL,26.41,35.89,9.48,Bill,2023,1,Monday,2023-01
2023-01-09,January,1832,91 DAY BILL,32.74,35.66,2.92,Bill,2023,1,Monday,2023-01
2023-01-09,January,1832,182 DAY BILL,30.47,35.95,5.48,Bill,2023,1,Monday,2023-01
2023-01-16,January,1833,91 DAY BILL,32.58,35.46,2.88,Bill,2023,1,Monday,2023-01
2023-01-16,January,1833,182 DAY BILL,30.39,35.83,5.44,Bill,2023,1,Monday,2023-01
2023-01-16,January,1833,364 DAY BILL,26.42,35.92,9.5,Bill,2023,1,Monday,2023-01
2023-01-23,January,1834,91 DAY BILL,32.72,35.63,2.91,Bill,2023,1,Monday,2023-01
2023-01-23,January,1834,182 DAY BILL,30.37,35.81,5.44,Bill,2023,1,Monday,2023-01
2023-01-23,January,1834,364 DAY BILL,26.23,35.56,9.33,Bill,2023,1,Monday,2023-01
2023-01-30,January,1835,91 DAY BILL,32.79,35.71,2.92,Bill,2023,1,Monday,2023-01
2023-01-30,January,1835,182 DAY BILL,30.33,35.75,5.42,Bill,2023,1,Monday,2023-01
2023-01-30,January,1835,364 DAY BILL,26.37,35.81,9.44,Bill,2023,1,Monday,2023-01
2023-02-06,February,1836,91 DAY BILL,32.81,35.75,2.94,Bill,2023,1,Monday,2023-02
2023-02-06,February,1836,182 DAY BILL,30.37,35.81,5.44,Bill,2023,1,Monday,2023-02
2023-02-13,February,1837,91 DAY BILL,32.8,35.73,2.93,Bill,2023,1,Monday,2023-02
2023-02-13,February,1837,182 DAY BILL,30.4,35.84,5.44,Bill,2023,1,Monday,2023-02
2023-02-13,February,1837,364 DAY BILL,26.27,35.62,9.35,Bill,2023,1,Monday,2023-02
2023-02-20,February,1838,91 DAY BILL,32.75,35.67,2.92,Bill,2023,1,Monday,2023-02
2023-02-20,February,1838,182 DAY BILL,30.31,35.72,5.41,Bill,2023,1,Monday,2023-02
2023-02-27,February,1839,91 DAY BILL,32.65,35.55,2.9,Bill,2023,1,Monday,2023-02
2023-02-27,February,1839,182 DAY BILL,30.19,35.56,5.37,Bill,2023,1,Monday,2023-02
2023-02-27,February,1839,364 DAY BILL,25.49,34.21,8.72,Bill,2023,1,Monday,2023-02
2023-03-06,March,1840,182 DAY BILL,23.44,26.56,3.12,Bill,2023,1,Monday,2023-03
2023-03-06,March,1840,91 DAY BILL,22.78,24.16,1.38,Bill,2023,1,Monday,2023-03
2023-03-06,March,1840,364 DAY BILL,21.6,27.54,5.94,Bill,2023,1,Monday,2023-03
2023-03-13,March,1841,364 DAY BILL,21.15,26.82,5.67,Bill,2023,1,Monday,2023-03
2023-03-13,March,1841,182 DAY BILL,20.51,22.85,2.34,Bill,2023,1,Monday,2023-03
2023-03-13,March,1841,91 DAY BILL,19.05,20.0,0.95,Bill,2023,1,Monday,2023-03
2023-03-20,March,1842,182 DAY BILL,19.23,21.27,2.04,Bill,2023,1,Monday,2023-03
2023-03-20,March,1842,91 DAY BILL,17.71,18.53,0.82,Bill,2023,1,Monday,2023-03
2023-03-27,March,1843,364 DAY BILL,20.42,25.66,5.24,Bill,2023,1,Monday,2023-03
2023-03-27,March,1843,182 DAY BILL,19.36,21.44,2.08,Bill,2023,1,Monday,2023-03
2023-03-27,March,1843,91 DAY BILL,18.03,18.88,0.85,Bill,2023,1,Monday,2023-03
2023-04-03,April,1844,182 DAY BILL,19.7,21.86,2.16,Bill,2023,2,Monday,2023-04
2023-04-03,April,1844,91 DAY BILL,18.49,19.39,0.9,Bill,2023,2,Monday,2023-04
2023-04-10,April,1845,364 DAY BILL,21.23,26.96,5.73,Bill,2023,2,Monday,2023-04
2023-04-10,April,1845,182 DAY BILL,20.02,22.25,2.23,Bill,2023,2,Monday,2023-04
2023-04-10,April,1845,91 DAY BILL,18.77,19.69,0.92,Bill,2023,2,Monday,2023-04
2023-04-17,April,1846,364 DAY BILL,21.2,26.9,5.7,Bill,2023,2,Monday,2023-04
2023-04-17,April,1846,182 DAY BILL,20.2,22.47,2.27,Bill,2023,2,Monday,2023-04
2023-04-17,April,1846,91 DAY BILL,18.82,19.74,0.92,Bill,2023,2,Monday,2023-04
2023-04-24,April,1847,364 DAY BILL,21.42,27.26,5.84,Bill,2023,2,Monday,2023-04
2023-04-24,April,1847,182 DAY BILL,20.29,22.58,2.29,Bill,2023,2,Monday,2023-04
2023-04-24,April,1847,91 DAY BILL,18.92,19.86,0.94,Bill,2023,2,Monday,2023-04
2023-05-01,May,1848,182 DAY BILL,20.39,22.71,2.32,Bill,2023,2,Monday,2023-05
2023-05-01,May,1848,91 DAY BILL,19.0,19.95,0.95,Bill,2023,2,Monday,2023-05
2023-05-08,May,1849,364 DAY BILL,21.48,27.36,5.88,Bill,2023,2,Monday,2023-05
2023-05-08,May,1849,182 DAY BILL,20.49,22.83,2.34,Bill,2023,2,Monday,2023-05
2023-05-08,May,1849,91 DAY BILL,19.28,20.26,0.98,Bill,2023,2,Monday,2023-05
2023-05-15,May,1850,364 DAY BILL,21.62,27.59,5.97,Bill,2023,2,Monday,2023-05
2023-05-15,May,1850,182 DAY BILL,20.6,22.96,2.36,Bill,2023,2,Monday,2023-05
2023-05-15,May,1850,91 DAY BILL,19.44,20.43,0.99,Bill,2023,2,Monday,2023-05
2023-05-22,May,1851,182 DAY BILL,20.91,23.36,2.45,Bill,2023,2,Monday,2023-05
2023-05-22,May,1851,91 DAY BILL,19.56,20.56,1.0,Bill,2023,2,Monday,2023-05
2023-05-29,May,1852,364 DAY BILL,21.89,28.02,6.13,Bill,2023,2,Monday,2023-05
2023-05-29,May,1852,182 DAY BILL,21.13,23.62,2.49,Bill,2023,2,Monday,2023-05
2023-05-29,May,1852,91 DAY BILL,19.77,20.8,1.03,Bill,2023,2,Monday,2023-05
2023-06-05,June,1853,182 DAY BILL,21.38,23.94,2.56,Bill,2023,2,Monday,2023-06
2023-06-05,June,1853,91 DAY BILL,20.09,21.16,1.07,Bill,2023,2,Monday,2023-06
2023-06-12,June,1854,364 DAY BILL,21.76,27.82,6.06,Bill,2023,2,Monday,2023-06
2023-06-12,June,1854,182 DAY BILL,21.39,23.95,2.56,Bill,2023,2,Monday,2023-06
2023-06-12,June,1854,91 DAY BILL,20.2,21.27,1.07,Bill,2023,2,Monday,2023-06
2023-06-19,June,1855,91 DAY BILL,20.58,21.69,1.12,Bill,2023,2,Monday,2023-06
2023-06-19,June,1855,182 DAY BILL,22.2,24.97,2.77,Bill,2023,2,Monday,2023-06
2023-06-19,June,1855,364 DAY BILL,22.43,28.91,6.49,Bill,2023,2,Monday,2023-06
2023-06-26,June,1856,91 DAY BILL,21.72,22.97,1.25,Bill,2023,2,Monday,2023-06
2023-06-26,June,1856,182 DAY BILL,22.57,25.44,2.87,Bill,2023,2,Monday,2023-06
2023-06-26,June,1856,364 DAY BILL,22.63,29.25,6.62,Bill,2023,2,Monday,2023-06
2023-07-03,July,1857,91 DAY BILL,22.6,23.95,1.35,Bill,2023,3,Monday,2023-07
2023-07-03,July,1857,182 DAY BILL,22.85,25.8,2.95,Bill,2023,3,Monday,2023-07
2023-07-10,July,1858,91 DAY BILL,22.99,24.39,1.4,Bill,2023,3,Monday,2023-07
2023-07-10,July,1858,182 DAY BILL,23.03,26.03,3.0,Bill,2023,3,Monday,2023-07
2023-07-10,July,1858,364 DAY BILL,22.87,29.65,6.78,Bill,2023,3,Monday,2023-07
2023-07-17,July,1859,91 DAY BILL,23.25,24.69,1.44,Bill,2023,3,Monday,2023-07
2023-07-17,July,1859,182 DAY BILL,23.33,26.41,3.08,Bill,2023,3,Monday,2023-07
2023-07-24,July,1860,91 DAY BILL,23.46,24.92,1.46,Bill,2023,3,Monday,2023-07
2023-07-24,July,1860,182 DAY BILL,23.64,26.81,3.17,Bill,2023,3,Monday,2023-07
2023-07-24,July,1860,364 DAY BILL,23.1,30.05,6.94,Bill,2023,3,Monday,2023-07
2023-07-31,July,1861,91 DAY BILL,23.74,25.24,1.5,Bill,2023,3,Monday,2023-07
2023-07-31,July,1861,182 DAY BILL,23.9,27.15,3.24,Bill,2023,3,Monday,2023-07
2023-07-31,July,1861,364 DAY BILL,23.26,30.31,7.05,Bill,2023,3,Monday,2023-07
2023-08-07,August,1862,91 DAY BILL,24.04,25.57,1.54,Bill,2023,3,Monday,2023-08
2023-08-07,August,1862,182 DAY BILL,24.01,27.28,3.27,Bill,2023,3,Monday,2023-08
2023-08-07,August,1862,364 DAY BILL,23.37,30.49,7.12,Bill,2023,3,Monday,2023-08
2023-08-14,August,1863,91 DAY BILL,24.49,26.09,1.6,Bill,2023,3,Monday,2023-08
2023-08-14,August,1863,364 DAY BILL,23.49,30.7,7.21,Bill,2023,3,Monday,2023-08
2023-08-14,August,1863,182 DAY BILL,24.25,27.6,3.35,Bill,2023,3,Monday,2023-08
2023-08-21,August,1864,91 DAY BILL,25.04,26.71,1.67,Bill,2023,3,Monday,2023-08
2023-08-21,August,1864,182 DAY BILL,24.47,27.88,3.41,Bill,2023,3,Monday,2023-08
2023-08-21,August,1864,364 DAY BILL,23.71,31.08,7.37,Bill,2023,3,Monday,2023-08
2023-08-28,August,1865,91 DAY BILL,25.31,27.02,1.71,Bill,2023,3,Monday,2023-08
2023-08-28,August,1865,182 DAY BILL,25.04,28.62,3.58,Bill,2023,3,Monday,2023-08
2023-08-28,August,1865,364 DAY BILL,23.8,31.24,7.44,Bill,2023,3,Monday,2023-08
2023-09-04,September,1866,91 DAY BILL,25.61,27.36,1.75,Bill,2023,3,Monday,2023-09
2023-09-04,September,1866,182 DAY BILL,25.11,28.71,3.6,Bill,2023,3,Monday,2023-09
2023-09-04,September,1866,364 DAY BILL,24.05,31.66,7.61,Bill,2023,3,Monday,2023-09
2023-09-11,September,1867,91 DAY BILL,25.98,27.79,1.8,Bill,2023,3,Monday,2023-09
2023-09-11,September,1867,182 DAY BILL,25.42,29.12,3.7,Bill,2023,3,Monday,2023-09
2023-09-11,September,1867,364 DAY BILL,24.23,31.97,7.74,Bill,2023,3,Monday,2023-09
2023-09-18,September,1868,91 DAY BILL,26.27,28.12,1.85,Bill,2023,3,Monday,2023-09
2023-09-18,September,1868,182 DAY BILL,25.63,29.39,3.77,Bill,2023,3,Monday,2023-09
2023-09-18,September,1868,364 DAY BILL,24.34,32.17,7.83,Bill,2023,3,Monday,2023-09
2023-09-25,September,1869,91 DAY BILL,26.61,28.5,1.9,Bill,2023,3,Monday,2023-09
2023-09-25,September,1869,182 DAY BILL,26.6,30.68,4.08,Bill,2023,3,Monday,2023-09
2023-09-25,September,1869,364 DAY BILL,24.53,32.51,7.97,Bill,2023,3,Monday,2023-09
2023-10-02,October,1870,91 DAY BILL,26.86,28.8,1.93,Bill,2023,4,Monday,2023-10
2023-10-02,October,1870,182 DAY BILL,26.78,30.92,4.14,Bill,2023,4,Monday,2023-10
2023-10-02,October,1870,364 DAY BILL,24.71,32.82,8.11,Bill,2023,4,Monday,2023-10
2023-10-09,October,1871,91 DAY BILL,27.21,29.19,1.99,Bill,2023,4,Monday,2023-10
2023-10-09,October,1871,182 DAY BILL,27.0,31.22,4.21,Bill,2023,4,Monday,2023-10
2023-10-09,October,1871,364 DAY BILL,24.82,33.02,8.19,Bill,2023,4,Monday,2023-10
2023-10-16,October,1872,91 DAY BILL,27.46,29.48,2.02,Bill,2023,4,Monday,2023-10
2023-10-16,October,1872,182 DAY BILL,27.16,31.43,4.27,Bill,2023,4,Monday,2023-10
2023-10-16,October,1872,364 DAY BILL,24.93,33.21,8.28,Bill,2023,4,Monday,2023-10
2023-10-23,October,1873,91 DAY BILL,27.67,29.73,2.06,Bill,2023,4,Monday,2023-10
2023-10-23,October,1873,182 DAY BILL,27.29,31.6,4.31,Bill,2023,4,Monday,2023-10
2023-10-23,October,1873,364 DAY BILL,25.0,33.34,8.34,Bill,2023,4,Monday,2023-10
2023-10-30,October,1874,91 DAY BILL,27.75,29.82,2.07,Bill,2023,4,Monday,2023-10
2023-10-30,October,1874,182 DAY BILL,27.35,31.68,4.33,Bill,2023,4,Monday,2023-10
2023-10-30,October,1874,364 DAY BILL,25.05,33.42,8.37,Bill,2023,4,Monday,2023-10
2023-11-06,November,1875,91 DAY BILL,27.88,29.97,2.09,Bill,2023,4,Monday,2023-11
2023-11-06,November,1875,182 DAY BILL,27.7,32.15,4.45,Bill,2023,4,Monday,2023-11
2023-11-06,November,1875,364 DAY BILL,25.21,33.7,8.49,Bill,2023,4,Monday,2023-11
2023-11-13,November,1876,91 DAY BILL,27.77,29.84,2.07,Bill,2023,4,Monday,2023-11
2023-11-13,November,1876,182 DAY BILL,27.49,31.88,4.38,Bill,2023,4,Monday,2023-11
2023-11-13,November,1876,364 DAY BILL,25.06,33.45,8.38,Bill,2023,4,Monday,2023-11
2023-11-20,November,1877,91 DAY BILL,27.68,29.74,2.06,Bill,2023,4,Monday,2023-11
2023-11-20,November,1877,182 DAY BILL,27.49,31.88,4.38,Bill,2023,4,Monday,2023-11
2023-11-20,November,1877,364 DAY BILL,25.06,33.45,8.38,Bill,2023,4,Monday,2023-11
2023-11-27,November,1878,91 DAY BILL,27.47,29.5,2.03,Bill,2023,4,Monday,2023-11
2023-11-27,November,1878,182 DAY BILL,27.41,31.76,4.35,Bill,2023,4,Monday,2023-11
2023-11-27,November,1878,364 DAY BILL,24.94,33.23,8.29,Bill,2023,4,Monday,2023-11
2023-12-04,December,1879,182 DAY BILL,27.41,31.76,4.35,Bill,2023,4,Monday,2023-12
2023-12-04,December,1879,364 DAY BILL,25.06,33.44,8.38,Bill,2023,4,Monday,2023-12
2023-12-04,December,1879,91 DAY BILL,27.53,29.57,2.04,Bill,2023,4,Monday,2023-12
2023-12-11,December,1880,91 DAY BILL,27.55,29.58,2.04,Bill,2023,4,Monday,2023-12
2023-12-11,December,1880,182 DAY BILL,27.56,31.97,4.41,Bill,2023,4,Monday,2023-12
2023-12-11,December,1880,364 DAY BILL,25.07,33.46,8.39,Bill,2023,4,Monday,2023-12
2023-12-18,December,1881,91 DAY BILL,27.08,29.05,1.97,Bill,2023,4,Monday,2023-12
2023-12-18,December,1881,182 DAY BILL,26.94,31.14,4.19,Bill,2023,4,Monday,2023-12
2023-12-18,December,1881,364 DAY BILL,24.52,32.49,7.97,Bill,2023,4,Monday,2023-12
2023-12-25,December,1882,91 DAY BILL,27.35,29.36,2.01,Bill,2023,4,Monday,2023-12
2023-12-25,December,1882,182 DAY BILL,27.55,31.95,4.4,Bill,2023,4,Monday,2023-12
2023-12-25,December,1882,364 DAY BILL,24.52,32.49,7.97,Bill,2023,4,Monday,2023-12
2024-01-01,January,1883,91 DAY BILL,27.25,29.24,1.99,Bill,2024,1,Monday,2024-01
2024-01-01,January,1883,182 DAY BILL,27.5,31.88,4.38,Bill,2024,1,Monday,2024-01
2024-01-01,January,1883,364 DAY BILL,24.52,32.49,7.97,Bill,2024,1,Monday,2024-01
2024-01-08,January,1884,91 DAY BILL,27.2,29.19,1.99,Bill,2024,1,Monday,2024-01
2024-01-08,January,1884,182 DAY BILL,27.4,31.74,4.35,Bill,2024,1,Monday,2024-01
2024-01-08,January,1884,364 DAY BILL,24.44,32.34,7.9,Bill,2024,1,Monday,2024-01
2024-01-15,January,1885,91 DAY BILL,27.07,29.04,1.97,Bill,2024,1,Monday,2024-01
2024-01-15,January,1885,182 DAY BILL,27.23,31.52,4.29,Bill,2024,1,Monday,2024-01
2024-01-15,January,1885,364 DAY BILL,24.29,32.08,7.79,Bill,2024,1,Monday,2024-01
2024-01-22,January,1886,91 DAY BILL,26.94,28.88,1.95,Bill,2024,1,Monday,2024-01
2024-01-22,January,1886,182 DAY BILL,27.14,31.4,4.26,Bill,2024,1,Monday,2024-01
2024-01-22,January,1886,364 DAY BILL,24.24,32.0,7.76,Bill,2024,1,Monday,2024-01
2024-01-29,January,1887,91 DAY BILL,26.68,28.59,1.91,Bill,2024,1,Monday,2024-01
2024-01-29,January,1887,182 DAY BILL,26.91,31.1,4.18,Bill,2024,1,Monday,2024-01
2024-01-29,January,1887,364 DAY BILL,24.13,31.8,7.67,Bill,2024,1,Monday,2024-01
2024-02-05,February,1888,91 DAY BILL,26.43,28.3,1.87,Bill,2024,1,Monday,2024-02
2024-02-05,February,1888,182 DAY BILL,26.69,30.79,4.11,Bill,2024,1,Monday,2024-02
2024-02-05,February,1888,364 DAY BILL,23.9,31.4,7.5,Bill,2024,1,Monday,2024-02
2024-02-12,February,1889,91 DAY BILL,26.17,28.0,1.83,Bill,2024,1,Monday,2024-02
2024-02-12,February,1889,182 DAY BILL,26.42,30.44,4.02,Bill,2024,1,Monday,2024-02
2024-02-12,February,1889,364 DAY BILL,23.66,31.0,7.34,Bill,2024,1,Monday,2024-02
2024-02-19,February,1890,91 DAY BILL,26.08,27.89,1.82,Bill,2024,1,Monday,2024-02
2024-02-19,February,1890,182 DAY BILL,26.38,30.39,4.01,Bill,2024,1,Monday,2024-02
2024-02-19,February,1890,364 DAY BILL,23.61,30.9,7.29,Bill,2024,1,Monday,2024-02
2024-02-26,February,1891,182 DAY BILL,25.9,29.75,3.85,Bill,2024,1,Monday,2024-02
2024-02-26,February,1891,364 DAY BILL,23.25,30.3,7.05,Bill,2024,1,Monday,2024-02
2024-02-26,February,1891,91 DAY BILL,25.54,27.28,1.74,Bill,2024,1,Monday,2024-02
2024-03-04,March,1892,91 DAY BILL,25.29,27.0,1.71,Bill,2024,1,Monday,2024-03
2024-03-04,March,1892,182 DAY BILL,25.71,29.5,3.79,Bill,2024,1,Monday,2024-03
2024-03-04,March,1892,364 DAY BILL,23.14,30.1,6.96,Bill,2024,1,Monday,2024-03
2024-03-11,March,1893,182 DAY BILL,25.52,29.25,3.73,Bill,2024,1,Monday,2024-03
2024-03-11,March,1893,364 DAY BILL,22.99,29.85,6.86,Bill,2024,1,Monday,2024-03
2024-03-11,March,1893,91 DAY BILL,25.07,26.75,1.68,Bill,2024,1,Monday,2024-03
2024-03-18,March,1894,91 DAY BILL,24.85,26.5,1.65,Bill,2024,1,Monday,2024-03
2024-03-18,March,1894,182 DAY BILL,25.33,29.0,3.67,Bill,2024,1,Monday,2024-03
2024-03-18,March,1894,364 DAY BILL,22.84,29.6,6.76,Bill,2024,1,Monday,2024-03
2024-03-25,March,1895,91 DAY BILL,24.41,26.0,1.59,Bill,2024,1,Monday,2024-03
2024-03-25,March,1895,182 DAY BILL,24.94,28.5,3.55,Bill,2024,1,Monday,2024-03
2024-03-25,March,1895,364 DAY BILL,22.54,29.1,6.56,Bill,2024,1,Monday,2024-03
2024-04-01,April,1896,182 DAY BILL,24.75,28.25,3.5,Bill,2024,2,Monday,2024-04
2024-04-01,April,1896,91 DAY BILL,24.19,25.75,1.56,Bill,2024,2,Monday,2024-04
2024-04-01,April,1896,364 DAY BILL,22.39,28.85,6.46,Bill,2024,2,Monday,2024-04
2024-04-08,April,1897,91 DAY BILL,24.18,25.73,1.56,Bill,2024,2,Monday,2024-04
2024-04-08,April,1897,182 DAY BILL,24.74,28.23,3.49,Bill,2024,2,Monday,2024-04
2024-04-08,April,1897,364 DAY BILL,22.38,28.84,6.45,Bill,2024,2,Monday,2024-04
2024-04-15,April,1898,91 DAY BILL,24.18,25.74,1.56,Bill,2024,2,Monday,2024-04
2024-04-15,April,1898,182 DAY BILL,24.68,28.15,3.47,Bill,2024,2,Monday,2024-04
2024-04-15,April,1898,364 DAY BILL,22.33,28.75,6.42,Bill,2024,2,Monday,2024-04
2024-04-22,April,1899,364 DAY BILL,22.18,28.5,6.32,Bill,2024,2,Monday,2024-04
2024-04-22,April,1899,91 DAY BILL,24.1,25.65,1.55,Bill,2024,2,Monday,2024-04
2024-04-22,April,1899,182 DAY BILL,24.48,27.9,3.42,Bill,2024,2,Monday,2024-04
2024-04-29,April,1900,91 DAY BILL,24.01,25.55,1.53,Bill,2024,2,Monday,2024-04
2024-04-29,April,1900,182 DAY BILL,24.29,27.65,3.36,Bill,2024,2,Monday,2024-04
2024-04-29,April,1900,364 DAY BILL,22.03,28.25,6.22,Bill,2024,2,Monday,2024-04
2024-05-06,May,1901,91 DAY BILL,23.93,25.45,1.52,Bill,2024,2,Monday,2024-05
2024-05-06,May,1901,182 DAY BILL,24.1,27.4,3.3,Bill,2024,2,Monday,2024-05
2024-05-06,May,1901,364 DAY BILL,21.87,28.0,6.12,Bill,2024,2,Monday,2024-05
2024-05-13,May,1902,91 DAY BILL,23.71,25.2,1.49,Bill,2024,2,Monday,2024-05
2024-05-13,May,1902,182 DAY BILL,23.79,27.0,3.21,Bill,2024,2,Monday,2024-05
2024-05-13,May,1902,364 DAY BILL,21.87,28.0,6.12,Bill,2024,2,Monday,2024-05
2024-05-20,May,1903,182 DAY BILL,23.75,26.95,3.2,Bill,2024,2,Monday,2024-05
2024-05-20,May,1903,364 DAY BILL,21.84,27.95,6.11,Bill,2024,2,Monday,2024-05
2024-05-20,May,1903,91 DAY BILL,23.62,25.1,1.48,Bill,2024,2,Monday,2024-05
2024-05-27,May,1904,91 DAY BILL,23.62,25.1,1.48,Bill,2024,2,Monday,2024-05
2024-05-27,May,1904,182 DAY BILL,23.75,26.95,3.2,Bill,2024,2,Monday,2024-05
2024-05-27,May,1904,364 DAY BILL,21.84,27.95,6.11,Bill,2024,2,Monday,2024-05
2024-06-03,June,1905,91 DAY BILL,23.56,25.04,1.48,Bill,2024,2,Monday,2024-06
2024-06-03,June,1905,182 DAY BILL,23.72,26.92,3.19,Bill,2024,2,Monday,2024-06
2024-06-03,June,1905,364 DAY BILL,21.82,27.91,6.09,Bill,2024,2,Monday,2024-06
2024-06-10,June,1906,91 DAY BILL,23.56,25.04,1.48,Bill,2024,2,Monday,2024-06
2024-06-10,June,1906,182 DAY BILL,23.74,26.94,3.2,Bill,2024,2,Monday,2024-06
2024-06-10,June,1906,364 DAY BILL,21.83,27.93,6.1,Bill,2024,2,Monday,2024-06
2024-06-17,June,1907,91 DAY BILL,23.41,24.87,1.46,Bill,2024,2,Monday,2024-06
2024-06-17,June,1907,182 DAY BILL,23.66,26.83,3.17,Bill,2024,2,Monday,2024-06
2024-06-17,June,1907,364 DAY BILL,21.76,27.82,6.05,Bill,2024,2,Monday,2024-06
2024-06-24,June,1908,91 DAY BILL,23.41,24.87,1.46,Bill,2024,2,Monday,2024-06
2024-06-24,June,1908,364 DAY BILL,21.75,27.79,6.04,Bill,2024,2,Monday,2024-06
2024-06-24,June,1908,182 DAY BILL,23.63,26.8,3.17,Bill,2024,2,Monday,2024-06
2024-07-01,July,1909,91 DAY BILL,23.41,24.87,1.46,Bill,2024,3,Monday,2024-07
2024-07-01,July,1909,182 DAY BILL,23.63,26.8,3.17,Bill,2024,3,Monday,2024-07
2024-07-01,July,1909,364 DAY BILL,21.75,27.79,6.04,Bill,2024,3,Monday,2024-07
2024-07-08,July,1910,91 DAY BILL,23.34,24.79,1.45,Bill,2024,3,Monday,2024-07
2024-07-08,July,1910,182 DAY BILL,23.59,26.75,3.16,Bill,2024,3,Monday,2024-07
2024-07-08,July,1910,364 DAY BILL,21.75,27.79,6.04,Bill,2024,3,Monday,2024-07
2024-07-15,July,1911,91 DAY BILL,23.34,24.79,1.45,Bill,2024,3,Monday,2024-07
2024-07-15,July,1911,182 DAY BILL,23.59,26.75,3.16,Bill,2024,3,Monday,2024-07
2024-07-15,July,1911,364 DAY BILL,21.75,27.79,6.04,Bill,2024,3,Monday,2024-07
2024-07-22,July,1912,91 DAY BILL,23.34,24.79,1.45,Bill,2024,3,Monday,2024-07
2024-07-22,July,1912,364 DAY BILL,21.76,27.81,6.05,Bill,2024,3,Monday,2024-07
2024-07-22,July,1912,182 DAY BILL,23.57,26.71,3.15,Bill,2024,3,Monday,2024-07
2024-07-29,July,1913,91 DAY BILL,23.34,24.79,1.45,Bill,2024,3,Monday,2024-07
2024-07-29,July,1913,182 DAY BILL,23.59,26.74,3.15,Bill,2024,3,Monday,2024-07
2024-07-29,July,1913,364 DAY BILL,21.79,27.86,6.07,Bill,2024,3,Monday,2024-07
2024-08-05,August,1914,91 DAY BILL,23.37,24.82,1.45,Bill,2024,3,Monday,2024-08
2024-08-05,August,1914,182 DAY BILL,23.61,26.76,3.16,Bill,2024,3,Monday,2024-08
2024-08-05,August,1914,364 DAY BILL,21.79,27.86,6.07,Bill,2024,3,Monday,2024-08
2024-08-12,August,1915,91 DAY BILL,23.37,24.83,1.45,Bill,2024,3,Monday,2024-08
2024-08-12,August,1915,182 DAY BILL,23.61,26.76,3.16,Bill,2024,3,Monday,2024-08
2024-08-12,August,1915,364 DAY BILL,21.79,27.86,6.07,Bill,2024,3,Monday,2024-08
2024-08-19,August,1916,91 DAY BILL,23.39,24.84,1.45,Bill,2024,3,Monday,2024-08
2024-08-19,August,1916,182 DAY BILL,23.59,26.75,3.16,Bill,2024,3,Monday,2024-08
2024-08-19,August,1916,364 DAY BILL,21.78,27.85,6.07,Bill,2024,3,Monday,2024-08
2024-08-26,August,1917,91 DAY BILL,23.34,24.79,1.45,Bill,2024,3,Monday,2024-08
2024-08-26,August,1917,182 DAY BILL,23.54,26.69,3.14,Bill,2024,3,Monday,2024-08
2024-08-26,August,1917,364 DAY BILL,21.76,27.81,6.05,Bill,2024,3,Monday,2024-08
2024-09-02,September,1918,91 DAY BILL,23.43,24.89,1.46,Bill,2024,3,Monday,2024-09
2024-09-02,September,1918,182 DAY BILL,23.62,26.79,3.16,Bill,2024,3,Monday,2024-09
2024-09-02,September,1918,364 DAY BILL,21.82,27.91,6.09,Bill,2024,3,Monday,2024-09
2024-09-09,September,1919,91 DAY BILL,23.44,24.9,1.46,Bill,2024,3,Monday,2024-09
2024-09-09,September,1919,182 DAY BILL,23.63,26.79,3.16,Bill,2024,3,Monday,2024-09
2024-09-09,September,1919,364 DAY BILL,21.83,27.93,6.1,Bill,2024,3,Monday,2024-09
2024-09-16,September,1920,91 DAY BILL,23.46,24.92,1.46,Bill,2024,3,Monday,2024-09
2024-09-16,September,1920,182 DAY BILL,23.63,26.8,3.17,Bill,2024,3,Monday,2024-09
2024-09-16,September,1920,364 DAY BILL,21.92,28.07,6.15,Bill,2024,3,Monday,2024-09
2024-09-23,September,1921,91 DAY BILL,23.54,25.01,1.47,Bill,2024,3,Monday,2024-09
2024-09-23,September,1921,182 DAY BILL,23.64,26.82,3.17,Bill,2024,3,Monday,2024-09
2024-09-23,September,1921,364 DAY BILL,21.92,28.08,6.16,Bill,2024,3,Monday,2024-09
2024-09-30,September,1922,91 DAY BILL,24.1,25.64,1.55,Bill,2024,3,Monday,2024-09
2024-09-30,September,1922,182 DAY BILL,23.73,26.92,3.19,Bill,2024,3,Monday,2024-09
2024-09-30,September,1922,364 DAY BILL,22.29,28.68,6.39,Bill,2024,3,Monday,2024-09
2024-10-07,October,1923,91 DAY BILL,23.93,25.46,1.52,Bill,2024,4,Monday,2024-10
2024-10-07,October,1923,182 DAY BILL,23.63,26.8,3.17,Bill,2024,4,Monday,2024-10
2024-10-07,October,1923,364 DAY BILL,22.19,28.52,6.33,Bill,2024,4,Monday,2024-10
2024-10-14,October,1924,182 DAY BILL,23.71,26.9,3.19,Bill,2024,4,Monday,2024-10
2024-10-14,October,1924,91 DAY BILL,24.08,25.62,1.54,Bill,2024,4,Monday,2024-10
2024-10-14,October,1924,364 DAY BILL,22.23,28.58,6.35,Bill,2024,4,Monday,2024-10
2024-10-21,October,1925,91 DAY BILL,24.36,25.94,1.58,Bill,2024,4,Monday,2024-10
2024-10-21,October,1925,182 DAY BILL,23.81,27.03,3.22,Bill,2024,4,Monday,2024-10
2024-10-21,October,1925,364 DAY BILL,22.32,28.74,6.41,Bill,2024,4,Monday,2024-10
2024-10-28,October,1926,364 DAY BILL,22.46,28.97,6.51,Bill,2024,4,Monday,2024-10
2024-10-28,October,1926,91 DAY BILL,24.58,26.19,1.61,Bill,2024,4,Monday,2024-10
2024-10-28,October,1926,182 DAY BILL,24.01,27.29,3.28,Bill,2024,4,Monday,2024-10
2024-11-04,November,1927,182 DAY BILL,24.24,27.58,3.34,Bill,2024,4,Monday,2024-11
2024-11-04,November,1927,91 DAY BILL,24.91,26.56,1.65,Bill,2024,4,Monday,2024-11
2024-11-04,November,1927,364 DAY BILL,22.5,29.04,6.53,Bill,2024,4,Monday,2024-11
2024-11-11,November,1928,91 DAY BILL,25.14,26.83,1.69,Bill,2024,4,Monday,2024-11
2024-11-11,November,1928,182 DAY BILL,24.31,27.68,3.36,Bill,2024,4,Monday,2024-11
2024-11-11,November,1928,364 DAY BILL,22.56,29.13,6.57,Bill,2024,4,Monday,2024-11
2024-11-18,November,1929,91 DAY BILL,25.27,26.97,1.7,Bill,2024,4,Monday,2024-11
2024-11-18,November,1929,182 DAY BILL,24.4,27.79,3.39,Bill,2024,4,Monday,2024-11
2024-11-18,November,1929,364 DAY BILL,22.61,29.22,6.61,Bill,2024,4,Monday,2024-11
2024-11-25,November,1930,91 DAY BILL,25.46,27.19,1.73,Bill,2024,4,Monday,2024-11
2024-11-25,November,1930,182 DAY BILL,24.55,27.99,3.44,Bill,2024,4,Monday,2024-11
2024-11-25,November,1930,364 DAY BILL,22.97,29.82,6.85,Bill,2024,4,Monday,2024-11
2024-12-02,December,1931,91 DAY BILL,25.61,27.36,1.75,Bill,2024,4,Monday,2024-12
2024-12-02,December,1931,182 DAY BILL,24.64,28.1,3.46,Bill,2024,4,Monday,2024-12
2024-12-02,December,1931,364 DAY BILL,23.01,29.88,6.87,Bill,2024,4,Monday,2024-12
2024-12-09,December,1932,91 DAY BILL,25.82,27.6,1.78,Bill,2024,4,Monday,2024-12
2024-12-09,December,1932,182 DAY BILL,24.8,28.32,3.51,Bill,2024,4,Monday,2024-12
2024-12-09,December,1932,364 DAY BILL,23.02,29.91,6.88,Bill,2024,4,Monday,2024-12
2024-12-16,December,1933,91 DAY BILL,25.97,27.77,1.8,Bill,2024,4,Monday,2024-12
2024-12-16,December,1933,182 DAY BILL,24.94,28.49,3.55,Bill,2024,4,Monday,2024-12
2024-12-16,December,1933,364 DAY BILL,23.04,29.94,6.9,Bill,2024,4,Monday,2024-12
2024-12-23,December,1934,91 DAY BILL,26.04,27.85,1.81,Bill,2024,4,Monday,2024-12
2024-12-23,December,1934,182 DAY BILL,25.0,28.57,3.57,Bill,2024,4,Monday,2024-12
2024-12-23,December,1934,364 DAY BILL,23.05,29.96,6.91,Bill,2024,4,Monday,2024-12
2024-12-30,December,1935,91 DAY BILL,26.2,28.04,1.84,Bill,2024,4,Monday,2024-12
2024-12-30,December,1935,182 DAY BILL,25.09,28.68,3.6,Bill,2024,4,Monday,2024-12
2024-12-30,December,1935,364 DAY BILL,23.12,30.07,6.95,Bill,2024,4,Monday,2024-12
2025-01-06,January,1936,91 DAY BILL,26.33,28.19,1.86,Bill,2025,1,Monday,2025-01
2025-01-06,January,1936,182 DAY BILL,25.26,28.92,3.65,Bill,2025,1,Monday,2025-01
2025-01-06,January,1936,364 DAY BILL,23.17,30.15,6.99,Bill,2025,1,Monday,2025-01
2025-01-13,January,1937,91 DAY BILL,26.46,28.34,1.87,Bill,2025,1,Monday,2025-01
2025-01-13,January,1937,182 DAY BILL,25.3,28.96,3.66,Bill,2025,1,Monday,2025-01
2025-01-13,January,1937,364 DAY BILL,23.18,30.18,7.0,Bill,2025,1,Monday,2025-01
2025-01-20,January,1938,91 DAY BILL,26.53,28.42,1.89,Bill,2025,1,Monday,2025-01
2025-01-20,January,1938,182 DAY BILL,25.31,28.97,3.67,Bill,2025,1,Monday,2025-01
2025-01-20,January,1938,364 DAY BILL,23.25,30.29,7.04,Bill,2025,1,Monday,2025-01
2025-01-27,January,1939,91 DAY BILL,26.62,28.52,1.9,Bill,2025,1,Monday,2025-01
2025-01-27,January,1939,182 DAY BILL,25.38,29.07,3.69,Bill,2025,1,Monday,2025-01
2025-01-27,January,1939,364 DAY BILL,23.32,30.41,7.09,Bill,2025,1,Monday,2025-01
2025-02-03,February,1940,91 DAY BILL,26.53,28.41,1.88,Bill,2025,1,Monday,2025-02
2025-02-03,February,1940,182 DAY BILL,25.25,28.9,3.65,Bill,2025,1,Monday,2025-02
2025-02-03,February,1940,364 DAY BILL,23.3,30.37,7.07,Bill,2025,1,Monday,2025-02
2025-02-10,February,1941,91 DAY BILL,26.16,27.98,1.83,Bill,2025,1,Monday,2025-02
2025-02-10,February,1941,182 DAY BILL,25.09,28.69,3.6,Bill,2025,1,Monday,2025-02
2025-02-17,February,1942,91 DAY BILL,25.17,26.86,1.69,Bill,2025,1,Monday,2025-02
2025-02-17,February,1942,182 DAY BILL,24.41,27.81,3.39,Bill,2025,1,Monday,2025-02
2025-02-17,February,1942,364 DAY BILL,22.53,29.07,6.55,Bill,2025,1,Monday,2025-02
2025-02-24,February,1943,91 DAY BILL,23.07,24.48,1.41,Bill,2025,1,Monday,2025-02
2025-02-24,February,1943,364 DAY BILL,21.45,27.3,5.85,Bill,2025,1,Monday,2025-02
2025-02-24,February,1943,182 DAY BILL,22.53,25.39,2.86,Bill,2025,1,Monday,2025-02
2025-03-03,March,1944,91 DAY BILL,19.76,20.79,1.03,Bill,2025,1,Monday,2025-03
2025-03-03,March,1944,182 DAY BILL,20.62,22.99,2.37,Bill,2025,1,Monday,2025-03
2025-03-03,March,1944,364 DAY BILL,18.5,22.7,4.2,Bill,2025,1,Monday,2025-03
2025-03-10,March,1945,91 DAY BILL,16.97,17.72,0.75,Bill,2025,1,Monday,2025-03
2025-03-10,March,1945,364 DAY BILL,16.66,19.98,3.33,Bill,2025,1,Monday,2025-03
2025-03-10,March,1945,182 DAY BILL,17.33,18.97,1.64,Bill,2025,1,Monday,2025-03
2025-03-17,March,1946,91 DAY BILL,15.26,15.86,0.6,Bill,2025,1,Monday,2025-03
2025-03-17,March,1946,182 DAY BILL,15.61,16.93,1.32,Bill,2025,1,Monday,2025-03
2025-03-17,March,1946,364 DAY BILL,15.94,18.97,3.02,Bill,2025,1,Monday,2025-03
2025-03-24,March,1947,182 DAY BILL,15.61,16.93,1.32,Bill,2025,1,Monday,2025-03
2025-03-24,March,1947,364 DAY BILL,15.86,18.85,2.99,Bill,2025,1,Monday,2025-03
2025-03-24,March,1947,91 DAY BILL,15.14,15.74,0.6,Bill,2025,1,Monday,2025-03
2025-03-31,March,1948,91 DAY BILL,15.12,15.71,0.59,Bill,2025,1,Monday,2025-03
2025-03-31,March,1948,182 DAY BILL,15.44,16.73,1.29,Bill,2025,1,Monday,2025-03
2025-03-31,March,1948,364 DAY BILL,15.86,18.84,2.99,Bill,2025,1,Monday,2025-03
2025-04-07,April,1949,91 DAY BILL,15.06,15.65,0.59,Bill,2025,2,Monday,2025-04
2025-04-07,April,1949,364 DAY BILL,15.85,18.83,2.98,Bill,2025,2,Monday,2025-04
2025-04-07,April,1949,182 DAY BILL,15.24,16.5,1.26,Bill,2025,2,Monday,2025-04
2025-04-14,April,1950,91 DAY BILL,14.88,15.45,0.57,Bill,2025,2,Monday,2025-04
2025-04-14,April,1950,182 DAY BILL,15.0,16.21,1.22,Bill,2025,2,Monday,2025-04
2025-04-14,April,1950,364 DAY BILL,15.72,18.65,2.93,Bill,2025,2,Monday,2025-04
2025-04-21,April,1951,91 DAY BILL,14.88,15.45,0.57,Bill,2025,2,Monday,2025-04
2025-04-21,April,1951,182 DAY BILL,14.97,16.18,1.21,Bill,2025,2,Monday,2025-04
2025-04-21,April,1951,364 DAY BILL,15.7,18.62,2.92,Bill,2025,2,Monday,2025-04
2025-04-28,April,1952,91 DAY BILL,14.76,15.32,0.57,Bill,2025,2,Monday,2025-04
2025-04-28,April,1952,182 DAY BILL,14.85,16.04,1.19,Bill,2025,2,Monday,2025-04
2025-04-28,April,1952,364 DAY BILL,15.52,18.37,2.85,Bill,2025,2,Monday,2025-04
2025-05-05,May,1953,91 DAY BILL,14.67,15.23,0.56,Bill,2025,2,Monday,2025-05
2025-05-05,May,1953,182 DAY BILL,14.62,15.78,1.15,Bill,2025,2,Monday,2025-05
2025-05-05,May,1953,364 DAY BILL,14.5,16.96,2.46,Bill,2025,2,Monday,2025-05
2025-05-12,May,1954,91 DAY BILL,14.61,15.16,0.55,Bill,2025,2,Monday,2025-05
2025-05-12,May,1954,182 DAY BILL,14.56,15.7,1.14,Bill,2025,2,Monday,2025-05
2025-05-12,May,1954,364 DAY BILL,14.38,16.8,2.42,Bill,2025,2,Monday,2025-05
2025-05-19,May,1955,364 DAY BILL,14.37,16.79,2.41,Bill,2025,2,Monday,2025-05
2025-05-19,May,1955,182 DAY BILL,14.54,15.68,1.14,Bill,2025,2,Monday,2025-05
2025-05-19,May,1955,91 DAY BILL,14.56,15.11,0.55,Bill,2025,2,Monday,2025-05
2025-05-26,May,1956,91 DAY BILL,14.39,14.93,0.54,Bill,2025,2,Monday,2025-05
2025-05-26,May,1956,182 DAY BILL,14.43,15.55,1.12,Bill,2025,2,Monday,2025-05
2025-05-26,May,1956,364 DAY BILL,13.79,16.0,2.21,Bill,2025,2,Monday,2025-05
2025-06-02,June,1957,91 DAY BILL,14.27,14.79,0.53,Bill,2025,2,Monday,2025-06
2025-06-02,June,1957,182 DAY BILL,14.37,15.49,1.11,Bill,2025,2,Monday,2025-06
2025-06-02,June,1957,364 DAY BILL,13.73,15.91,2.18,Bill,2025,2,Monday,2025-06
2025-06-09,June,1958,91 DAY BILL,14.26,14.79,0.53,Bill,2025,2,Monday,2025-06
2025-06-09,June,1958,182 DAY BILL,14.35,15.46,1.11,Bill,2025,2,Monday,2025-06
2025-06-09,June,1958,364 DAY BILL,13.64,15.8,2.16,Bill,2025,2,Monday,2025-06
2025-06-16,June,1959,91 DAY BILL,14.18,14.7,0.52,Bill,2025,2,Monday,2025-06
2025-06-16,June,1959,182 DAY BILL,14.17,15.25,1.08,Bill,2025,2,Monday,2025-06
2025-06-16,June,1959,364 DAY BILL,13.6,15.74,2.14,Bill,2025,2,Monday,2025-06
2025-06-23,June,1960,91 DAY BILL,14.18,14.7,0.52,Bill,2025,2,Monday,2025-06
2025-06-23,June,1960,182 DAY BILL,14.17,15.25,1.08,Bill,2025,2,Monday,2025-06
2025-06-23,June,1960,364 DAY BILL,13.56,15.69,2.13,Bill,2025,2,Monday,2025-06
2025-06-30,June,1961,91 DAY BILL,14.17,14.69,0.52,Bill,2025,2,Monday,2025-06
2025-06-30,June,1961,182 DAY BILL,14.17,15.25,1.08,Bill,2025,2,Monday,2025-06
2025-06-30,June,1961,364 DAY BILL,13.54,15.66,2.12,Bill,2025,2,Monday,2025-06
2025-07-07,July,1962,91 DAY BILL,14.06,14.57,0.51,Bill,2025,3,Monday,2025-07
2025-07-07,July,1962,182 DAY BILL,13.97,15.02,1.05,Bill,2025,3,Monday,2025-07
2025-07-07,July,1962,364 DAY BILL,13.17,15.17,2.0,Bill,2025,3,Monday,2025-07
2025-07-14,July,1963,91 DAY BILL,14.14,14.66,0.52,Bill,2025,3,Monday,2025-07
2025-07-14,July,1963,182 DAY BILL,13.98,15.03,1.05,Bill,2025,3,Monday,2025-07
2025-07-14,July,1963,364 DAY BILL,13.17,15.17,2.0,Bill,2025,3,Monday,2025-07
2025-07-21,July,1964,91 DAY BILL,13.27,13.73,0.46,Bill,2025,3,Monday,2025-07
2025-07-21,July,1964,182 DAY BILL,13.62,14.62,1.0,Bill,2025,3,Monday,2025-07
2025-07-21,July,1964,364 DAY BILL,12.85,14.74,1.89,Bill,2025,3,Monday,2025-07
2025-07-28,July,1965,91 DAY BILL,10.55,10.84,0.29,Bill,2025,3,Monday,2025-07
2025-07-28,July,1965,182 DAY BILL,12.41,13.23,0.82,Bill,2025,3,Monday,2025-07
2025-07-28,July,1965,364 DAY BILL,12.51,14.3,1.79,Bill,2025,3,Monday,2025-07
2025-08-04,August,1966,182 DAY BILL,11.64,12.36,0.72,Bill,2025,3,Monday,2025-08
2025-08-04,August,1966,91 DAY BILL,10.04,10.29,0.26,Bill,2025,3,Monday,2025-08
2025-08-04,August,1966,364 DAY BILL,11.7,13.25,1.55,Bill,2025,3,Monday,2025-08
2025-08-11,August,1967,91 DAY BILL,9.95,10.2,0.25,Bill,2025,3,Monday,2025-08
2025-08-11,August,1967,364 DAY BILL,11.58,13.1,1.52,Bill,2025,3,Monday,2025-08
2025-08-11,August,1967,182 DAY BILL,11.55,12.25,0.71,Bill,2025,3,Monday,2025-08
2025-08-18,August,1968,91 DAY BILL,9.89,10.14,0.25,Bill,2025,3,Monday,2025-08
2025-08-18,August,1968,182 DAY BILL,11.53,12.23,0.7,Bill,2025,3,Monday,2025-08
2025-08-18,August,1968,364 DAY BILL,11.57,13.09,1.51,Bill,2025,3,Monday,2025-08
2025-08-25,August,1969,91 DAY BILL,10.16,10.42,0.26,Bill,2025,3,Monday,2025-08
2025-08-25,August,1969,182 DAY BILL,11.66,12.39,0.72,Bill,2025,3,Monday,2025-08
2025-08-25,August,1969,364 DAY BILL,11.51,13.0,1.5,Bill,2025,3,Monday,2025-08
2025-09-01,September,1970,91 DAY BILL,10.07,10.33,0.26,Bill,2025,3,Monday,2025-09
2025-09-01,September,1970,182 DAY BILL,11.65,12.37,0.72,Bill,2025,3,Monday,2025-09
2025-09-01,September,1970,364 DAY BILL,11.5,13.0,1.5,Bill,2025,3,Monday,2025-09
2025-09-08,September,1971,91 DAY BILL,10.16,10.42,0.26,Bill,2025,3,Monday,2025-09
2025-09-08,September,1971,182 DAY BILL,11.69,12.41,0.73,Bill,2025,3,Monday,2025-09
2025-09-08,September,1971,364 DAY BILL,11.48,12.97,1.49,Bill,2025,3,Monday,2025-09
2025-09-15,September,1972,91 DAY BILL,10.26,10.53,0.27,Bill,2025,3,Monday,2025-09
2025-09-15,September,1972,182 DAY BILL,11.71,12.44,0.73,Bill,2025,3,Monday,2025-09
2025-09-15,September,1972,364 DAY BILL,11.47,12.96,1.49,Bill,2025,3,Monday,2025-09
2025-09-22,September,1973,91 DAY BILL,10.19,10.46,0.27,Bill,2025,3,Monday,2025-09
2025-09-22,September,1973,182 DAY BILL,11.64,12.36,0.72,Bill,2025,3,Monday,2025-09
2025-09-22,September,1973,364 DAY BILL,11.41,12.88,1.47,Bill,2025,3,Monday,2025-09
2025-09-29,September,1974,91 DAY BILL,10.24,10.5,0.27,Bill,2025,3,Monday,2025-09
2025-09-29,September,1974,182 DAY BILL,11.67,12.39,0.72,Bill,2025,3,Monday,2025-09
2025-09-29,September,1974,364 DAY BILL,11.43,12.9,1.47,Bill,2025,3,Monday,2025-09
